City,Payment_Method,Payment_Count
Atlanta,"Credit Card",25009
Atlanta,"Mobile Payment",24731
Atlanta,"Debit Card",24681
Atlanta,Cash,24645
Boston,Cash,25310
Boston,"Debit Card",25308
Boston,"Mobile Payment",25039
Boston,"Credit Card",24909
Chicago,"Mobile Payment",25181
Chicago,"Debit Card",25103
Chicago,Cash,25023
Chicago,"Credit Card",24752
Dallas,"Debit Card",25226
Dallas,"Credit Card",25143
Dallas,Cash,25123
Dallas,"Mobile Payment",25067
Houston,"Credit Card",25125
Houston,Cash,25025
Houston,"Mobile Payment",24978
Houston,"Debit Card",24922
"Los Angeles","Debit Card",25058
"Los Angeles",Cash,25047
"Los Angeles","Credit Card",24966
"Los Angeles","Mobile Payment",24808
Miami,"Debit Card",24986
Miami,"Mobile Payment",24972
Miami,"Credit Card",24952
Miami,Cash,24929
"New York","Mobile Payment",25047
"New York","Debit Card",25035
"New York",Cash,24988
"New York","Credit Card",24937
"San Francisco",Cash,25217
"San Francisco","Credit Card",25001
"San Francisco","Mobile Payment",24991
"San Francisco","Debit Card",24599
Seattle,"Credit Card",25191
Seattle,"Debit Card",25156
Seattle,Cash,24923
Seattle,"Mobile Payment",24897
