City,Promotion,Promotion_sales
Atlanta,"Discount on Selected Items",1728216.1
Atlanta,"BOGO (Buy One Get One)",1733649.41
Atlanta,None,1740866.33
Boston,"BOGO (Buy One Get One)",1747906.49
Boston,"Discount on Selected Items",1750503.11
Boston,None,1764898.36
Chicago,"BOGO (Buy One Get One)",1736503.21
Chicago,None,1758293.07
Chicago,"Discount on Selected Items",1768391.17
Dallas,"Discount on Selected Items",1747421.21
Dallas,"BOGO (Buy One Get One)",1755873.72
Dallas,None,1773816.6
Houston,None,1745912.89
Houston,"BOGO (Buy One Get One)",1750281.57
Houston,"Discount on Selected Items",1750860.32
"Los Angeles","BOGO (Buy One Get One)",1733285.61
"Los Angeles","Discount on Selected Items",1743909.66
"Los Angeles",None,1755197.92
Miami,"Discount on Selected Items",1737140.28
Miami,"BOGO (Buy One Get One)",1741235.09
Miami,None,1762123.07
"New York",None,1749431.64
"New York","Discount on Selected Items",1750928.63
"New York","BOGO (Buy One Get One)",1752109.65
"San Francisco","BOGO (Buy One Get One)",1728094.72
"San Francisco","Discount on Selected Items",1753582.6
"San Francisco",None,1759422.54
Seattle,"Discount on Selected Items",1731274.86
Seattle,None,1744076.39
Seattle,"BOGO (Buy One Get One)",1760014.18
