Order_Year,Payment_Method,Payment_count
2020,"Debit Card",57453
2020,"Credit Card",57277
2020,Cash,57149
2020,"Mobile Payment",56828
2021,"Mobile Payment",57185
2021,Cash,57088
2021,"Debit Card",57018
2021,"Credit Card",57007
2022,Cash,57321
2022,"Debit Card",57253
2022,"Mobile Payment",56731
2022,"Credit Card",56513
2023,"Credit Card",57396
2023,"Mobile Payment",57338
2023,Cash,57105
2023,"Debit Card",56635
2024,"Credit Card",21792
2024,"Debit Card",21715
2024,"Mobile Payment",21629
2024,Cash,21567
